"animalGroup","coefficient"
"1",0.675328547
"2",0.160315045
"3",0.357946158
"4",0.347057854
"5",0.157
"6",0.164
"7",0.186
"8",0.265
